FSM file,Test suite file,states,inputs,outputs,transitions,Number of All_Mutants,Number of killed All_Mutants OracleOutput,Mutation score All_Mutants OracleOutput,Killed score 1 All_Mutants OracleOutput,Killed score 2 All_Mutants OracleOutput,Detection score All_Mutants OracleOutput,Number of killed All_Mutants OracleState,Mutation score All_Mutants OracleState,Killed score 1 All_Mutants OracleState,Killed score 2 All_Mutants OracleState,Detection score All_Mutants OracleState,Number of killed All_Mutants OracleOutputAndState,Mutation score All_Mutants OracleOutputAndState,Killed score 1 All_Mutants OracleOutputAndState,Killed score 2 All_Mutants OracleOutputAndState,Detection score All_Mutants OracleOutputAndState,Number of killed All_Mutants OracleW,Mutation score All_Mutants OracleW,Killed score 1 All_Mutants OracleW,Killed score 2 All_Mutants OracleW,Detection score All_Mutants OracleW,Number of CIS_Mutant,Number of killed CIS_Mutant OracleOutput,Mutation score CIS_Mutant OracleOutput,Killed score 1 CIS_Mutant OracleOutput,Killed score 2 CIS_Mutant OracleOutput,Detection score CIS_Mutant OracleOutput,Number of killed CIS_Mutant OracleState,Mutation score CIS_Mutant OracleState,Killed score 1 CIS_Mutant OracleState,Killed score 2 CIS_Mutant OracleState,Detection score CIS_Mutant OracleState,Number of killed CIS_Mutant OracleOutputAndState,Mutation score CIS_Mutant OracleOutputAndState,Killed score 1 CIS_Mutant OracleOutputAndState,Killed score 2 CIS_Mutant OracleOutputAndState,Detection score CIS_Mutant OracleOutputAndState,Number of killed CIS_Mutant OracleW,Mutation score CIS_Mutant OracleW,Killed score 1 CIS_Mutant OracleW,Killed score 2 CIS_Mutant OracleW,Detection score CIS_Mutant OracleW,Number of CI_Mutant,Number of killed CI_Mutant OracleOutput,Mutation score CI_Mutant OracleOutput,Killed score 1 CI_Mutant OracleOutput,Killed score 2 CI_Mutant OracleOutput,Detection score CI_Mutant OracleOutput,Number of killed CI_Mutant OracleState,Mutation score CI_Mutant OracleState,Killed score 1 CI_Mutant OracleState,Killed score 2 CI_Mutant OracleState,Detection score CI_Mutant OracleState,Number of killed CI_Mutant OracleOutputAndState,Mutation score CI_Mutant OracleOutputAndState,Killed score 1 CI_Mutant OracleOutputAndState,Killed score 2 CI_Mutant OracleOutputAndState,Detection score CI_Mutant OracleOutputAndState,Number of killed CI_Mutant OracleW,Mutation score CI_Mutant OracleW,Killed score 1 CI_Mutant OracleW,Killed score 2 CI_Mutant OracleW,Detection score CI_Mutant OracleW,Number of DI_Mutant,Number of killed DI_Mutant OracleOutput,Mutation score DI_Mutant OracleOutput,Killed score 1 DI_Mutant OracleOutput,Killed score 2 DI_Mutant OracleOutput,Detection score DI_Mutant OracleOutput,Number of killed DI_Mutant OracleState,Mutation score DI_Mutant OracleState,Killed score 1 DI_Mutant OracleState,Killed score 2 DI_Mutant OracleState,Detection score DI_Mutant OracleState,Number of killed DI_Mutant OracleOutputAndState,Mutation score DI_Mutant OracleOutputAndState,Killed score 1 DI_Mutant OracleOutputAndState,Killed score 2 DI_Mutant OracleOutputAndState,Detection score DI_Mutant OracleOutputAndState,Number of killed DI_Mutant OracleW,Mutation score DI_Mutant OracleW,Killed score 1 DI_Mutant OracleW,Killed score 2 DI_Mutant OracleW,Detection score DI_Mutant OracleW,Number of II_Mutant,Number of killed II_Mutant OracleOutput,Mutation score II_Mutant OracleOutput,Killed score 1 II_Mutant OracleOutput,Killed score 2 II_Mutant OracleOutput,Detection score II_Mutant OracleOutput,Number of killed II_Mutant OracleState,Mutation score II_Mutant OracleState,Killed score 1 II_Mutant OracleState,Killed score 2 II_Mutant OracleState,Detection score II_Mutant OracleState,Number of killed II_Mutant OracleOutputAndState,Mutation score II_Mutant OracleOutputAndState,Killed score 1 II_Mutant OracleOutputAndState,Killed score 2 II_Mutant OracleOutputAndState,Detection score II_Mutant OracleOutputAndState,Number of killed II_Mutant OracleW,Mutation score II_Mutant OracleW,Killed score 1 II_Mutant OracleW,Killed score 2 II_Mutant OracleW,Detection score II_Mutant OracleW,Number of CO_Mutant,Number of killed CO_Mutant OracleOutput,Mutation score CO_Mutant OracleOutput,Killed score 1 CO_Mutant OracleOutput,Killed score 2 CO_Mutant OracleOutput,Detection score CO_Mutant OracleOutput,Number of killed CO_Mutant OracleState,Mutation score CO_Mutant OracleState,Killed score 1 CO_Mutant OracleState,Killed score 2 CO_Mutant OracleState,Detection score CO_Mutant OracleState,Number of killed CO_Mutant OracleOutputAndState,Mutation score CO_Mutant OracleOutputAndState,Killed score 1 CO_Mutant OracleOutputAndState,Killed score 2 CO_Mutant OracleOutputAndState,Detection score CO_Mutant OracleOutputAndState,Number of killed CO_Mutant OracleW,Mutation score CO_Mutant OracleW,Killed score 1 CO_Mutant OracleW,Killed score 2 CO_Mutant OracleW,Detection score CO_Mutant OracleW,Number of DO_Mutant,Number of killed DO_Mutant OracleOutput,Mutation score DO_Mutant OracleOutput,Killed score 1 DO_Mutant OracleOutput,Killed score 2 DO_Mutant OracleOutput,Detection score DO_Mutant OracleOutput,Number of killed DO_Mutant OracleState,Mutation score DO_Mutant OracleState,Killed score 1 DO_Mutant OracleState,Killed score 2 DO_Mutant OracleState,Detection score DO_Mutant OracleState,Number of killed DO_Mutant OracleOutputAndState,Mutation score DO_Mutant OracleOutputAndState,Killed score 1 DO_Mutant OracleOutputAndState,Killed score 2 DO_Mutant OracleOutputAndState,Detection score DO_Mutant OracleOutputAndState,Number of killed DO_Mutant OracleW,Mutation score DO_Mutant OracleW,Killed score 1 DO_Mutant OracleW,Killed score 2 DO_Mutant OracleW,Detection score DO_Mutant OracleW,Number of IO_Mutant,Number of killed IO_Mutant OracleOutput,Mutation score IO_Mutant OracleOutput,Killed score 1 IO_Mutant OracleOutput,Killed score 2 IO_Mutant OracleOutput,Detection score IO_Mutant OracleOutput,Number of killed IO_Mutant OracleState,Mutation score IO_Mutant OracleState,Killed score 1 IO_Mutant OracleState,Killed score 2 IO_Mutant OracleState,Detection score IO_Mutant OracleState,Number of killed IO_Mutant OracleOutputAndState,Mutation score IO_Mutant OracleOutputAndState,Killed score 1 IO_Mutant OracleOutputAndState,Killed score 2 IO_Mutant OracleOutputAndState,Detection score IO_Mutant OracleOutputAndState,Number of killed IO_Mutant OracleW,Mutation score IO_Mutant OracleW,Killed score 1 IO_Mutant OracleW,Killed score 2 IO_Mutant OracleW,Detection score IO_Mutant OracleW,Number of CSS_Mutant,Number of killed CSS_Mutant OracleOutput,Mutation score CSS_Mutant OracleOutput,Killed score 1 CSS_Mutant OracleOutput,Killed score 2 CSS_Mutant OracleOutput,Detection score CSS_Mutant OracleOutput,Number of killed CSS_Mutant OracleState,Mutation score CSS_Mutant OracleState,Killed score 1 CSS_Mutant OracleState,Killed score 2 CSS_Mutant OracleState,Detection score CSS_Mutant OracleState,Number of killed CSS_Mutant OracleOutputAndState,Mutation score CSS_Mutant OracleOutputAndState,Killed score 1 CSS_Mutant OracleOutputAndState,Killed score 2 CSS_Mutant OracleOutputAndState,Detection score CSS_Mutant OracleOutputAndState,Number of killed CSS_Mutant OracleW,Mutation score CSS_Mutant OracleW,Killed score 1 CSS_Mutant OracleW,Killed score 2 CSS_Mutant OracleW,Detection score CSS_Mutant OracleW,Number of CES_Mutant,Number of killed CES_Mutant OracleOutput,Mutation score CES_Mutant OracleOutput,Killed score 1 CES_Mutant OracleOutput,Killed score 2 CES_Mutant OracleOutput,Detection score CES_Mutant OracleOutput,Number of killed CES_Mutant OracleState,Mutation score CES_Mutant OracleState,Killed score 1 CES_Mutant OracleState,Killed score 2 CES_Mutant OracleState,Detection score CES_Mutant OracleState,Number of killed CES_Mutant OracleOutputAndState,Mutation score CES_Mutant OracleOutputAndState,Killed score 1 CES_Mutant OracleOutputAndState,Killed score 2 CES_Mutant OracleOutputAndState,Detection score CES_Mutant OracleOutputAndState,Number of killed CES_Mutant OracleW,Mutation score CES_Mutant OracleW,Killed score 1 CES_Mutant OracleW,Killed score 2 CES_Mutant OracleW,Detection score CES_Mutant OracleW,Number of RT_Mutant,Number of killed RT_Mutant OracleOutput,Mutation score RT_Mutant OracleOutput,Killed score 1 RT_Mutant OracleOutput,Killed score 2 RT_Mutant OracleOutput,Detection score RT_Mutant OracleOutput,Number of killed RT_Mutant OracleState,Mutation score RT_Mutant OracleState,Killed score 1 RT_Mutant OracleState,Killed score 2 RT_Mutant OracleState,Detection score RT_Mutant OracleState,Number of killed RT_Mutant OracleOutputAndState,Mutation score RT_Mutant OracleOutputAndState,Killed score 1 RT_Mutant OracleOutputAndState,Killed score 2 RT_Mutant OracleOutputAndState,Detection score RT_Mutant OracleOutputAndState,Number of killed RT_Mutant OracleW,Mutation score RT_Mutant OracleW,Killed score 1 RT_Mutant OracleW,Killed score 2 RT_Mutant OracleW,Detection score RT_Mutant OracleW,Number of DT_Mutant,Number of killed DT_Mutant OracleOutput,Mutation score DT_Mutant OracleOutput,Killed score 1 DT_Mutant OracleOutput,Killed score 2 DT_Mutant OracleOutput,Detection score DT_Mutant OracleOutput,Number of killed DT_Mutant OracleState,Mutation score DT_Mutant OracleState,Killed score 1 DT_Mutant OracleState,Killed score 2 DT_Mutant OracleState,Detection score DT_Mutant OracleState,Number of killed DT_Mutant OracleOutputAndState,Mutation score DT_Mutant OracleOutputAndState,Killed score 1 DT_Mutant OracleOutputAndState,Killed score 2 DT_Mutant OracleOutputAndState,Detection score DT_Mutant OracleOutputAndState,Number of killed DT_Mutant OracleW,Mutation score DT_Mutant OracleW,Killed score 1 DT_Mutant OracleW,Killed score 2 DT_Mutant OracleW,Detection score DT_Mutant OracleW,Number of IT_Mutant,Number of killed IT_Mutant OracleOutput,Mutation score IT_Mutant OracleOutput,Killed score 1 IT_Mutant OracleOutput,Killed score 2 IT_Mutant OracleOutput,Detection score IT_Mutant OracleOutput,Number of killed IT_Mutant OracleState,Mutation score IT_Mutant OracleState,Killed score 1 IT_Mutant OracleState,Killed score 2 IT_Mutant OracleState,Detection score IT_Mutant OracleState,Number of killed IT_Mutant OracleOutputAndState,Mutation score IT_Mutant OracleOutputAndState,Killed score 1 IT_Mutant OracleOutputAndState,Killed score 2 IT_Mutant OracleOutputAndState,Detection score IT_Mutant OracleOutputAndState,Number of killed IT_Mutant OracleW,Mutation score IT_Mutant OracleW,Killed score 1 IT_Mutant OracleW,Killed score 2 IT_Mutant OracleW,Detection score IT_Mutant OracleW,Number of DS_Mutant,Number of killed DS_Mutant OracleOutput,Mutation score DS_Mutant OracleOutput,Killed score 1 DS_Mutant OracleOutput,Killed score 2 DS_Mutant OracleOutput,Detection score DS_Mutant OracleOutput,Number of killed DS_Mutant OracleState,Mutation score DS_Mutant OracleState,Killed score 1 DS_Mutant OracleState,Killed score 2 DS_Mutant OracleState,Detection score DS_Mutant OracleState,Number of killed DS_Mutant OracleOutputAndState,Mutation score DS_Mutant OracleOutputAndState,Killed score 1 DS_Mutant OracleOutputAndState,Killed score 2 DS_Mutant OracleOutputAndState,Detection score DS_Mutant OracleOutputAndState,Number of killed DS_Mutant OracleW,Mutation score DS_Mutant OracleW,Killed score 1 DS_Mutant OracleW,Killed score 2 DS_Mutant OracleW,Detection score DS_Mutant OracleW,Number of IDSS_Mutant,Number of killed IDSS_Mutant OracleOutput,Mutation score IDSS_Mutant OracleOutput,Killed score 1 IDSS_Mutant OracleOutput,Killed score 2 IDSS_Mutant OracleOutput,Detection score IDSS_Mutant OracleOutput,Number of killed IDSS_Mutant OracleState,Mutation score IDSS_Mutant OracleState,Killed score 1 IDSS_Mutant OracleState,Killed score 2 IDSS_Mutant OracleState,Detection score IDSS_Mutant OracleState,Number of killed IDSS_Mutant OracleOutputAndState,Mutation score IDSS_Mutant OracleOutputAndState,Killed score 1 IDSS_Mutant OracleOutputAndState,Killed score 2 IDSS_Mutant OracleOutputAndState,Detection score IDSS_Mutant OracleOutputAndState,Number of killed IDSS_Mutant OracleW,Mutation score IDSS_Mutant OracleW,Killed score 1 IDSS_Mutant OracleW,Killed score 2 IDSS_Mutant OracleW,Detection score IDSS_Mutant OracleW,Number of IDES_Mutant,Number of killed IDES_Mutant OracleOutput,Mutation score IDES_Mutant OracleOutput,Killed score 1 IDES_Mutant OracleOutput,Killed score 2 IDES_Mutant OracleOutput,Detection score IDES_Mutant OracleOutput,Number of killed IDES_Mutant OracleState,Mutation score IDES_Mutant OracleState,Killed score 1 IDES_Mutant OracleState,Killed score 2 IDES_Mutant OracleState,Detection score IDES_Mutant OracleState,Number of killed IDES_Mutant OracleOutputAndState,Mutation score IDES_Mutant OracleOutputAndState,Killed score 1 IDES_Mutant OracleOutputAndState,Killed score 2 IDES_Mutant OracleOutputAndState,Detection score IDES_Mutant OracleOutputAndState,Number of killed IDES_Mutant OracleW,Mutation score IDES_Mutant OracleW,Killed score 1 IDES_Mutant OracleW,Killed score 2 IDES_Mutant OracleW,Detection score IDES_Mutant OracleW,Number of test cases,CoveredStates,CoveredTransitions
FSM_Sorted.dot,TR_TestSuite17.txt,10,10,4,100,3618,2368,0.65450525,0.048030518,0.048030518,0.0015098982,3091,0.8543394,0.040198237,0.040198237,0.0013805255,3594,0.9933665,0.039091405,0.039091405,0.001518001,3484,0.962963,0.12257289,0.12257289,0.014467665,9,9,1,0.92796093,0.92796093,0.86111146,9,1,0.8424908,0.8424908,0.7097907,9,1,0.9877899,0.9877899,0.9757289,9,1,0.986569,0.986569,0.97331834,900,660,0.73333335,0.04701965,0.04701965,0.0016212882,800,0.8888889,0.04348901,0.04348901,0.0016811502,876,0.97333336,0.042074364,0.042074364,0.0017230454,876,0.97333336,0.11089367,0.11089367,0.011969474,100,100,1,0.15560439,0.15560439,0.024212727,100,1,0.17395604,0.17395604,0.030260703,100,1,0.18428572,0.18428572,0.033961225,100,1,0.26406595,0.26406595,0.069730826,0,N/A,N/A,N/A,N/A,N/A,N/A,N/A,N/A,N/A,N/A,N/A,N/A,N/A,N/A,N/A,N/A,N/A,N/A,N/A,N/A,300,300,1,0.020879121,0.020879121,0.00043593772,0,0,0,0,0,300,1,0.020879121,0.020879121,0.00043593772,300,1,0.11857143,0.11857143,0.014059184,100,100,1,0.020879121,0.020879121,0.00043593772,0,0,0,0,0,100,1,0.020879121,0.020879121,0.00043593772,100,1,0.11857143,0.11857143,0.014059184,0,N/A,N/A,N/A,N/A,N/A,N/A,N/A,N/A,N/A,N/A,N/A,N/A,N/A,N/A,N/A,N/A,N/A,N/A,N/A,N/A,900,900,1,0.03836386,0.03836386,0.0014717857,893,0.99222225,0.03816005,0.03816005,0.0014448635,900,1,0.04133089,0.04133089,0.0017082423,900,1,0.20885226,0.20885226,0.043619268,900,81,0.09,0.09361009,0.09571369,0.00080637913,900,1,0.020879121,0.020879121,0.00043593772,900,1,0.020879121,0.020879121,0.00043593772,900,1,0.020818071,0.020818071,0.0004333921,100,100,1,0.036263734,0.036263734,0.0013150584,90,0.9,0.04004884,0.04004884,0.0014435187,100,1,0.03857143,0.03857143,0.0014877551,100,1,0.20230769,0.20230769,0.0409284,100,100,1,0.020879121,0.020879121,0.00043593772,90,0.9,0.021978023,0.022222223,0.00043956048,100,1,0.020879121,0.020879121,0.00043593772,100,1,0.11857143,0.11857143,0.014059184,0,N/A,N/A,N/A,N/A,N/A,N/A,N/A,N/A,N/A,N/A,N/A,N/A,N/A,N/A,N/A,N/A,N/A,N/A,N/A,N/A,9,9,1,0.20634921,0.20864199,0.04305311,9,1,0.20634921,0.20864199,0.04305311,9,1,0.20634921,0.20864199,0.04305311,9,1,0.71428573,0.71428573,0.5102041,100,9,0.09,0.08424908,0.11794872,0.0008943364,100,1,0.020879121,0.020879121,0.00043593772,100,1,0.020879121,0.020879121,0.00043593772,90,0.9,0.021855922,0.022098765,0.00043469,100,0,0,0,0,0,100,1,0.020879121,0.020879121,0.00043593772,100,1,0.020879121,0.020879121,0.00043593772,0,0,0,0,0,91,10,100
FSM_Sorted.dot,TR_TestSuite16.txt,10,10,4,100,3618,2376,0.6567164,0.047938175,0.047938175,0.0015091795,3091,0.8543394,0.040258676,0.040258676,0.0013846799,3594,0.9933665,0.039177015,0.039177015,0.0015246572,3484,0.962963,0.122717984,0.122717984,0.014501937,9,9,1,0.92796093,0.92796093,0.86111146,9,1,0.8644688,0.8644688,0.74730635,9,1,0.9877899,0.9877899,0.9757289,9,1,0.986569,0.986569,0.97331834,900,668,0.74222225,0.046621043,0.046621043,0.0016132361,800,0.8888889,0.04348901,0.04348901,0.0016811502,876,0.97333336,0.04230017,0.04230017,0.0017415895,876,0.97333336,0.11109438,0.11109438,0.012012842,100,100,1,0.15593407,0.15593407,0.024315434,100,1,0.17395604,0.17395604,0.030260703,100,1,0.18527474,0.18527474,0.03432673,100,1,0.26593408,0.26593408,0.07072093,0,N/A,N/A,N/A,N/A,N/A,N/A,N/A,N/A,N/A,N/A,N/A,N/A,N/A,N/A,N/A,N/A,N/A,N/A,N/A,N/A,300,300,1,0.020879121,0.020879121,0.00043593772,0,0,0,0,0,300,1,0.020879121,0.020879121,0.00043593772,300,1,0.11868132,0.11868132,0.014085256,100,100,1,0.020879121,0.020879121,0.00043593772,0,0,0,0,0,100,1,0.020879121,0.020879121,0.00043593772,100,1,0.11868132,0.11868132,0.014085256,0,N/A,N/A,N/A,N/A,N/A,N/A,N/A,N/A,N/A,N/A,N/A,N/A,N/A,N/A,N/A,N/A,N/A,N/A,N/A,N/A,900,900,1,0.038351648,0.038351648,0.0014708489,893,0.99222225,0.038135435,0.038135435,0.0014430002,900,1,0.04133089,0.04133089,0.0017082423,900,1,0.20896216,0.20896216,0.04366518,900,81,0.09,0.09361009,0.09571369,0.00080637913,900,1,0.020879121,0.020879121,0.00043593772,900,1,0.020879121,0.020879121,0.00043593772,900,1,0.020818071,0.020818071,0.0004333921,100,100,1,0.036153845,0.036153845,0.0013071005,90,0.9,0.04004884,0.04004884,0.0014435187,100,1,0.03857143,0.03857143,0.0014877551,100,1,0.20252748,0.20252748,0.04101738,100,100,1,0.020879121,0.020879121,0.00043593772,90,0.9,0.021978023,0.022222223,0.00043956048,100,1,0.020879121,0.020879121,0.00043593772,100,1,0.11868132,0.11868132,0.014085256,0,N/A,N/A,N/A,N/A,N/A,N/A,N/A,N/A,N/A,N/A,N/A,N/A,N/A,N/A,N/A,N/A,N/A,N/A,N/A,N/A,9,9,1,0.20757021,0.20987655,0.04356412,9,1,0.20757021,0.20987655,0.04356412,9,1,0.20757021,0.20987655,0.04356412,9,1,0.71062267,0.71062267,0.50498456,100,9,0.09,0.08791209,0.12307692,0.0009737955,100,1,0.020879121,0.020879121,0.00043593772,100,1,0.020879121,0.020879121,0.00043593772,90,0.9,0.021855922,0.022098765,0.00043469,100,0,0,0,0,0,100,1,0.020879121,0.020879121,0.00043593772,100,1,0.020879121,0.020879121,0.00043593772,0,0,0,0,0,91,10,100
FSM_Sorted.dot,TR_TestSuite14.txt,10,10,4,100,3618,2374,0.65616363,0.04801559,0.04801559,0.0015127832,3091,0.8543394,0.040233787,0.040233787,0.0013829684,3594,0.9933665,0.039177015,0.039177015,0.0015246572,3484,0.962963,0.122727446,0.122727446,0.014504174,9,9,1,0.92796093,0.92796093,0.86111146,9,1,0.8644688,0.8644688,0.74730635,9,1,0.9877899,0.9877899,0.9757289,9,1,0.986569,0.986569,0.97331834,900,666,0.74,0.04679405,0.04679405,0.0016203655,800,0.8888889,0.04348901,0.04348901,0.0016811502,876,0.97333336,0.04230017,0.04230017,0.0017415895,876,0.97333336,0.11109438,0.11109438,0.012012842,100,100,1,0.15604395,0.15604395,0.024349714,100,1,0.17395604,0.17395604,0.030260703,100,1,0.18527474,0.18527474,0.03432673,100,1,0.26593408,0.26593408,0.07072093,0,N/A,N/A,N/A,N/A,N/A,N/A,N/A,N/A,N/A,N/A,N/A,N/A,N/A,N/A,N/A,N/A,N/A,N/A,N/A,N/A,300,300,1,0.020879121,0.020879121,0.00043593772,0,0,0,0,0,300,1,0.020879121,0.020879121,0.00043593772,300,1,0.11868132,0.11868132,0.014085256,100,100,1,0.020879121,0.020879121,0.00043593772,0,0,0,0,0,100,1,0.020879121,0.020879121,0.00043593772,100,1,0.11868132,0.11868132,0.014085256,0,N/A,N/A,N/A,N/A,N/A,N/A,N/A,N/A,N/A,N/A,N/A,N/A,N/A,N/A,N/A,N/A,N/A,N/A,N/A,N/A,900,900,1,0.03838828,0.03838828,0.0014736599,893,0.99222225,0.038049296,0.038049296,0.0014364887,900,1,0.04133089,0.04133089,0.0017082423,900,1,0.20898658,0.20898658,0.04367539,900,81,0.09,0.09401709,0.096129835,0.0008134063,900,1,0.020879121,0.020879121,0.00043593772,900,1,0.020879121,0.020879121,0.00043593772,900,1,0.020818071,0.020818071,0.0004333921,100,100,1,0.036153845,0.036153845,0.0013071005,90,0.9,0.04004884,0.04004884,0.0014435187,100,1,0.03857143,0.03857143,0.0014877551,100,1,0.20263737,0.20263737,0.041061904,100,100,1,0.020879121,0.020879121,0.00043593772,90,0.9,0.021978023,0.022222223,0.00043956048,100,1,0.020879121,0.020879121,0.00043593772,100,1,0.11868132,0.11868132,0.014085256,0,N/A,N/A,N/A,N/A,N/A,N/A,N/A,N/A,N/A,N/A,N/A,N/A,N/A,N/A,N/A,N/A,N/A,N/A,N/A,N/A,9,9,1,0.20757021,0.20987655,0.04356412,9,1,0.20757021,0.20987655,0.04356412,9,1,0.20757021,0.20987655,0.04356412,9,1,0.71062267,0.71062267,0.50498456,100,9,0.09,0.08669109,0.12136752,0.00094693346,100,1,0.020879121,0.020879121,0.00043593772,100,1,0.020879121,0.020879121,0.00043593772,90,0.9,0.021855922,0.022098765,0.00043469,100,0,0,0,0,0,100,1,0.020879121,0.020879121,0.00043593772,100,1,0.020879121,0.020879121,0.00043593772,0,0,0,0,0,91,10,100
FSM_Sorted.dot,TR_TestSuite8.txt,10,10,4,100,3618,2370,0.655058,0.048045624,0.048045624,0.0015121242,3091,0.8543394,0.04013069,0.04013069,0.0013758899,3594,0.9933665,0.039066944,0.039066944,0.001516102,3484,0.962963,0.122557126,0.122557126,0.014463944,9,9,1,0.93162394,0.93162394,0.86792314,9,1,0.8424908,0.8424908,0.7097907,9,1,0.9877899,0.9877899,0.9757289,9,1,0.986569,0.986569,0.97331834,900,662,0.7355555,0.046910793,0.046910793,0.0016186801,800,0.8888889,0.04348901,0.04348901,0.0016811502,876,0.97333336,0.042074364,0.042074364,0.0017230454,876,0.97333336,0.110994026,0.110994026,0.011991149,100,100,1,0.15538462,0.15538462,0.02414438,100,1,0.17395604,0.17395604,0.030260703,100,1,0.18428572,0.18428572,0.033961225,100,1,0.26406595,0.26406595,0.069730826,0,N/A,N/A,N/A,N/A,N/A,N/A,N/A,N/A,N/A,N/A,N/A,N/A,N/A,N/A,N/A,N/A,N/A,N/A,N/A,N/A,300,300,1,0.020879121,0.020879121,0.00043593772,0,0,0,0,0,300,1,0.020879121,0.020879121,0.00043593772,300,1,0.11857143,0.11857143,0.014059184,100,100,1,0.020879121,0.020879121,0.00043593772,0,0,0,0,0,100,1,0.020879121,0.020879121,0.00043593772,100,1,0.11857143,0.11857143,0.014059184,0,N/A,N/A,N/A,N/A,N/A,N/A,N/A,N/A,N/A,N/A,N/A,N/A,N/A,N/A,N/A,N/A,N/A,N/A,N/A,N/A,900,900,1,0.03846154,0.03846154,0.0014792901,893,0.99222225,0.037938546,0.037938546,0.0014281386,900,1,0.04133089,0.04133089,0.0017082423,900,1,0.20880343,0.20880343,0.04359887,900,81,0.09,0.09455977,0.0966847,0.0008228235,900,1,0.020879121,0.020879121,0.00043593772,900,1,0.020879121,0.020879121,0.00043593772,900,1,0.020818071,0.020818071,0.0004333921,100,100,1,0.035274725,0.035274725,0.0012443062,90,0.9,0.03992674,0.03992674,0.0014347301,100,1,0.03769231,0.03769231,0.0014207101,100,1,0.20131868,0.20131868,0.04052921,100,100,1,0.020879121,0.020879121,0.00043593772,90,0.9,0.021978023,0.022222223,0.00043956048,100,1,0.020879121,0.020879121,0.00043593772,100,1,0.11857143,0.11857143,0.014059184,0,N/A,N/A,N/A,N/A,N/A,N/A,N/A,N/A,N/A,N/A,N/A,N/A,N/A,N/A,N/A,N/A,N/A,N/A,N/A,N/A,9,9,1,0.20634921,0.20864199,0.04305311,9,1,0.20634921,0.20864199,0.04305311,9,1,0.20634921,0.20864199,0.04305311,9,1,0.71428573,0.71428573,0.5102041,100,9,0.09,0.08791209,0.12307692,0.0009737955,100,1,0.020879121,0.020879121,0.00043593772,100,1,0.020879121,0.020879121,0.00043593772,90,0.9,0.021855922,0.022098765,0.00043469,100,0,0,0,0,0,100,1,0.020879121,0.020879121,0.00043593772,100,1,0.020879121,0.020879121,0.00043593772,0,0,0,0,0,91,10,100
FSM_Sorted.dot,TR_TestSuite9.txt,10,10,4,100,3618,2382,0.6583748,0.047808196,0.047808196,0.001504797,3091,0.8543394,0.0401058,0.0401058,0.0013741839,3594,0.9933665,0.0391495,0.0391495,0.0015225164,3484,0.962963,0.12268959,0.12268959,0.014495227,9,9,1,0.93162394,0.93162394,0.86792314,9,1,0.8424908,0.8424908,0.7097907,9,1,0.9877899,0.9877899,0.9757289,9,1,0.986569,0.986569,0.97331834,900,674,0.7488889,0.046075586,0.046075586,0.0015898609,800,0.8888889,0.04348901,0.04348901,0.0016811502,876,0.97333336,0.04230017,0.04230017,0.0017415895,876,0.97333336,0.11134528,0.11134528,0.012067165,100,100,1,0.1554945,0.1554945,0.024178538,100,1,0.17395604,0.17395604,0.030260703,100,1,0.18527474,0.18527474,0.03432673,100,1,0.26494506,0.26494506,0.07019588,0,N/A,N/A,N/A,N/A,N/A,N/A,N/A,N/A,N/A,N/A,N/A,N/A,N/A,N/A,N/A,N/A,N/A,N/A,N/A,N/A,300,300,1,0.020879121,0.020879121,0.00043593772,0,0,0,0,0,300,1,0.020879121,0.020879121,0.00043593772,300,1,0.11857143,0.11857143,0.014059184,100,100,1,0.020879121,0.020879121,0.00043593772,0,0,0,0,0,100,1,0.020879121,0.020879121,0.00043593772,100,1,0.11857143,0.11857143,0.014059184,0,N/A,N/A,N/A,N/A,N/A,N/A,N/A,N/A,N/A,N/A,N/A,N/A,N/A,N/A,N/A,N/A,N/A,N/A,N/A,N/A,900,900,1,0.03846154,0.03846154,0.0014792901,893,0.99222225,0.037852407,0.037852407,0.0014216607,900,1,0.04133089,0.04133089,0.0017082423,900,1,0.20886447,0.20886447,0.043624364,900,81,0.09,0.09455977,0.0966847,0.0008228235,900,1,0.020879121,0.020879121,0.00043593772,900,1,0.020879121,0.020879121,0.00043593772,900,1,0.020818071,0.020818071,0.0004333921,100,100,1,0.035274725,0.035274725,0.0012443062,90,0.9,0.03992674,0.03992674,0.0014347301,100,1,0.03769231,0.03769231,0.0014207101,100,1,0.20142858,0.20142858,0.04057347,100,100,1,0.020879121,0.020879121,0.00043593772,90,0.9,0.021978023,0.022222223,0.00043956048,100,1,0.020879121,0.020879121,0.00043593772,100,1,0.11857143,0.11857143,0.014059184,0,N/A,N/A,N/A,N/A,N/A,N/A,N/A,N/A,N/A,N/A,N/A,N/A,N/A,N/A,N/A,N/A,N/A,N/A,N/A,N/A,9,9,1,0.20634921,0.20864199,0.04305311,9,1,0.20634921,0.20864199,0.04305311,9,1,0.20634921,0.20864199,0.04305311,9,1,0.71428573,0.71428573,0.5102041,100,9,0.09,0.08791209,0.12307692,0.0009737955,100,1,0.020879121,0.020879121,0.00043593772,100,1,0.020879121,0.020879121,0.00043593772,90,0.9,0.021855922,0.022098765,0.00043469,100,0,0,0,0,0,100,1,0.020879121,0.020879121,0.00043593772,100,1,0.020879121,0.020879121,0.00043593772,0,0,0,0,0,91,10,100
FSM_Sorted.dot,TR_TestSuite15.txt,10,10,4,100,3618,2368,0.65450525,0.04813725,0.04813725,0.0015166163,3091,0.8543394,0.040258676,0.040258676,0.0013846799,3594,0.9933665,0.0391495,0.0391495,0.0015225164,3484,0.962963,0.12269275,0.12269275,0.0144959735,9,9,1,0.924298,0.924298,0.8543268,9,1,0.8644688,0.8644688,0.74730635,9,1,0.9877899,0.9877899,0.9757289,9,1,0.986569,0.986569,0.97331834,900,660,0.73333335,0.04738595,0.04738595,0.0016466475,800,0.8888889,0.04348901,0.04348901,0.0016811502,876,0.97333336,0.04230017,0.04230017,0.0017415895,876,0.97333336,0.11109438,0.11109438,0.012012842,100,100,1,0.15659341,0.15659341,0.024521496,100,1,0.17395604,0.17395604,0.030260703,100,1,0.18527474,0.18527474,0.03432673,100,1,0.26593408,0.26593408,0.07072093,0,N/A,N/A,N/A,N/A,N/A,N/A,N/A,N/A,N/A,N/A,N/A,N/A,N/A,N/A,N/A,N/A,N/A,N/A,N/A,N/A,300,300,1,0.020879121,0.020879121,0.00043593772,0,0,0,0,0,300,1,0.020879121,0.020879121,0.00043593772,300,1,0.11868132,0.11868132,0.014085256,100,100,1,0.020879121,0.020879121,0.00043593772,0,0,0,0,0,100,1,0.020879121,0.020879121,0.00043593772,100,1,0.11868132,0.11868132,0.014085256,0,N/A,N/A,N/A,N/A,N/A,N/A,N/A,N/A,N/A,N/A,N/A,N/A,N/A,N/A,N/A,N/A,N/A,N/A,N/A,N/A,900,900,1,0.038131867,0.038131867,0.0014540392,893,0.99222225,0.038024686,0.038024686,0.0014346311,900,1,0.04111111,0.04111111,0.0016901235,900,1,0.20877899,0.20877899,0.043588668,900,81,0.09,0.09388143,0.09599113,0.0008110606,900,1,0.020879121,0.020879121,0.00043593772,900,1,0.020879121,0.020879121,0.00043593772,900,1,0.020818071,0.020818071,0.0004333921,100,100,1,0.037142858,0.037142858,0.0013795919,90,0.9,0.04114774,0.04114774,0.0015238228,100,1,0.039560437,0.039560437,0.0015650282,100,1,0.2032967,0.2032967,0.04132955,100,100,1,0.020879121,0.020879121,0.00043593772,90,0.9,0.021978023,0.022222223,0.00043956048,100,1,0.020879121,0.020879121,0.00043593772,100,1,0.11868132,0.11868132,0.014085256,0,N/A,N/A,N/A,N/A,N/A,N/A,N/A,N/A,N/A,N/A,N/A,N/A,N/A,N/A,N/A,N/A,N/A,N/A,N/A,N/A,9,9,1,0.20757021,0.20987655,0.04356412,9,1,0.20757021,0.20987655,0.04356412,9,1,0.20757021,0.20987655,0.04356412,9,1,0.71062267,0.71062267,0.50498456,100,9,0.09,0.08791209,0.12307692,0.0009737955,100,1,0.020879121,0.020879121,0.00043593772,100,1,0.020879121,0.020879121,0.00043593772,90,0.9,0.021855922,0.022098765,0.00043469,100,0,0,0,0,0,100,1,0.020879121,0.020879121,0.00043593772,100,1,0.020879121,0.020879121,0.00043593772,0,0,0,0,0,91,10,100
FSM_Sorted.dot,TR_TestSuite11.txt,10,10,4,100,3618,2370,0.655058,0.047994617,0.047994617,0.0015089152,3091,0.8543394,0.04045065,0.04045065,0.0013979174,3594,0.9933665,0.039121978,0.039121978,0.0015203764,3484,0.962963,0.12267382,0.12267382,0.0144915,9,9,1,0.9169719,0.9169719,0.8408375,9,1,0.8534798,0.8534798,0.72842777,9,1,0.9768009,0.9768009,0.95414,9,1,0.97558,0.97558,0.9517563,900,662,0.7355555,0.04707679,0.04707679,0.0016301561,800,0.8888889,0.043983515,0.043983515,0.0017195997,876,0.97333336,0.04230017,0.04230017,0.0017415895,876,0.97333336,0.11116964,0.11116964,0.012029125,100,100,1,0.15604395,0.15604395,0.024349714,100,1,0.17593406,0.17593406,0.030952794,100,1,0.18527474,0.18527474,0.03432673,100,1,0.26593408,0.26593408,0.07072093,0,N/A,N/A,N/A,N/A,N/A,N/A,N/A,N/A,N/A,N/A,N/A,N/A,N/A,N/A,N/A,N/A,N/A,N/A,N/A,N/A,300,300,1,0.020879121,0.020879121,0.00043593772,0,0,0,0,0,300,1,0.020879121,0.020879121,0.00043593772,300,1,0.11868132,0.11868132,0.014085256,100,100,1,0.020879121,0.020879121,0.00043593772,0,0,0,0,0,100,1,0.020879121,0.020879121,0.00043593772,100,1,0.11868132,0.11868132,0.014085256,0,N/A,N/A,N/A,N/A,N/A,N/A,N/A,N/A,N/A,N/A,N/A,N/A,N/A,N/A,N/A,N/A,N/A,N/A,N/A,N/A,900,900,1,0.03824176,0.03824176,0.0014624321,893,0.99222225,0.03824619,0.03824619,0.0014513939,900,1,0.041221,0.041221,0.0016991709,900,1,0.20881563,0.20881563,0.043603968,900,81,0.09,0.09374575,0.095852405,0.0008087181,900,1,0.020879121,0.020879121,0.00043593772,900,1,0.020879121,0.020879121,0.00043593772,900,1,0.020818071,0.020818071,0.0004333921,100,100,1,0.036153845,0.036153845,0.0013071005,90,0.9,0.04004884,0.04004884,0.0014435187,100,1,0.03857143,0.03857143,0.0014877551,100,1,0.20252748,0.20252748,0.04101738,100,100,1,0.020879121,0.020879121,0.00043593772,90,0.9,0.021978023,0.022222223,0.00043956048,100,1,0.020879121,0.020879121,0.00043593772,100,1,0.11868132,0.11868132,0.014085256,0,N/A,N/A,N/A,N/A,N/A,N/A,N/A,N/A,N/A,N/A,N/A,N/A,N/A,N/A,N/A,N/A,N/A,N/A,N/A,N/A,9,9,1,0.20757021,0.20987655,0.04356412,9,1,0.20757021,0.20987655,0.04356412,9,1,0.20757021,0.20987655,0.04356412,9,1,0.7118437,0.7118437,0.5067215,100,9,0.09,0.08791209,0.12307692,0.0009737955,100,1,0.020879121,0.020879121,0.00043593772,100,1,0.020879121,0.020879121,0.00043593772,90,0.9,0.021855922,0.022098765,0.00043469,100,0,0,0,0,0,100,1,0.020879121,0.020879121,0.00043593772,100,1,0.020879121,0.020879121,0.00043593772,0,0,0,0,0,91,10,100
FSM_Sorted.dot,TR_TestSuite10.txt,10,10,4,100,3618,2370,0.655058,0.048184726,0.048184726,0.0015208927,3091,0.8543394,0.0404151,0.0404151,0.0013954613,3594,0.9933665,0.039228994,0.039228994,0.0015287056,3484,0.962963,0.122632824,0.122632824,0.014481816,9,9,1,0.92673993,0.92673993,0.8588469,9,1,0.8644688,0.8644688,0.74730635,9,1,0.9877899,0.9877899,0.9757289,9,1,0.986569,0.986569,0.97331834,900,662,0.7355555,0.04710999,0.04710999,0.0016324561,800,0.8888889,0.043736264,0.043736264,0.0017003207,876,0.97333336,0.04230017,0.04230017,0.0017415895,876,0.97333336,0.11096893,0.11096893,0.0119857285,100,100,1,0.15615384,0.15615384,0.024384022,100,1,0.17494506,0.17494506,0.030605773,100,1,0.18527474,0.18527474,0.03432673,100,1,0.26494506,0.26494506,0.07019588,0,N/A,N/A,N/A,N/A,N/A,N/A,N/A,N/A,N/A,N/A,N/A,N/A,N/A,N/A,N/A,N/A,N/A,N/A,N/A,N/A,300,300,1,0.020879121,0.020879121,0.00043593772,0,0,0,0,0,300,1,0.020879121,0.020879121,0.00043593772,300,1,0.11857143,0.11857143,0.014059184,100,100,1,0.020879121,0.020879121,0.00043593772,0,0,0,0,0,100,1,0.020879121,0.020879121,0.00043593772,100,1,0.11857143,0.11857143,0.014059184,0,N/A,N/A,N/A,N/A,N/A,N/A,N/A,N/A,N/A,N/A,N/A,N/A,N/A,N/A,N/A,N/A,N/A,N/A,N/A,N/A,900,900,1,0.03837607,0.03837607,0.0014727227,893,0.99222225,0.03824619,0.03824619,0.0014513939,900,1,0.04133089,0.04133089,0.0017082423,900,1,0.20877899,0.20877899,0.043588668,900,81,0.09,0.09415276,0.09626856,0.00081575563,900,1,0.020879121,0.020879121,0.00043593772,900,1,0.020879121,0.020879121,0.00043593772,900,1,0.020818071,0.020818071,0.0004333921,100,100,1,0.03791209,0.03791209,0.0014373265,90,0.9,0.04114774,0.04114774,0.0015238228,100,1,0.04054945,0.04054945,0.0016442579,100,1,0.20384614,0.20384614,0.041553248,100,100,1,0.020879121,0.020879121,0.00043593772,90,0.9,0.021978023,0.022222223,0.00043956048,100,1,0.020879121,0.020879121,0.00043593772,100,1,0.11857143,0.11857143,0.014059184,0,N/A,N/A,N/A,N/A,N/A,N/A,N/A,N/A,N/A,N/A,N/A,N/A,N/A,N/A,N/A,N/A,N/A,N/A,N/A,N/A,9,9,1,0.20634921,0.20864199,0.04305311,9,1,0.20634921,0.20864199,0.04305311,9,1,0.20634921,0.20864199,0.04305311,9,1,0.71062267,0.71062267,0.50498456,100,9,0.09,0.089133084,0.12478632,0.001001033,100,1,0.020879121,0.020879121,0.00043593772,100,1,0.020879121,0.020879121,0.00043593772,90,0.9,0.021855922,0.022098765,0.00043469,100,0,0,0,0,0,100,1,0.020879121,0.020879121,0.00043593772,100,1,0.020879121,0.020879121,0.00043593772,0,0,0,0,0,91,10,100
FSM_Sorted.dot,TR_TestSuite12.txt,10,10,4,100,3618,2370,0.655058,0.04835165,0.04835165,0.0015314484,3091,0.8543394,0.040610638,0.040610638,0.001408997,3594,0.9933665,0.039280977,0.039280977,0.0015327596,3484,0.962963,0.12268644,0.12268644,0.014494482,9,9,1,0.92796093,0.92796093,0.86111146,9,1,0.8754578,0.8754578,0.7664264,9,1,0.9877899,0.9877899,0.9757289,9,1,0.986569,0.986569,0.97331834,900,662,0.7355555,0.047242787,0.047242787,0.0016416723,800,0.8888889,0.043983515,0.043983515,0.0017195997,876,0.97333336,0.04230017,0.04230017,0.0017415895,876,0.97333336,0.11089367,0.11089367,0.011969474,100,100,1,0.15659341,0.15659341,0.024521496,100,1,0.17593406,0.17593406,0.030952794,100,1,0.18527474,0.18527474,0.03432673,100,1,0.26494506,0.26494506,0.07019588,0,N/A,N/A,N/A,N/A,N/A,N/A,N/A,N/A,N/A,N/A,N/A,N/A,N/A,N/A,N/A,N/A,N/A,N/A,N/A,N/A,300,300,1,0.020879121,0.020879121,0.00043593772,0,0,0,0,0,300,1,0.020879121,0.020879121,0.00043593772,300,1,0.11857143,0.11857143,0.014059184,100,100,1,0.020879121,0.020879121,0.00043593772,0,0,0,0,0,100,1,0.020879121,0.020879121,0.00043593772,100,1,0.11857143,0.11857143,0.014059184,0,N/A,N/A,N/A,N/A,N/A,N/A,N/A,N/A,N/A,N/A,N/A,N/A,N/A,N/A,N/A,N/A,N/A,N/A,N/A,N/A,900,900,1,0.03842491,0.03842491,0.0014764736,893,0.99222225,0.03816005,0.03816005,0.0014448635,900,1,0.04133089,0.04133089,0.0017082423,900,1,0.20887668,0.20887668,0.043629467,900,81,0.09,0.09442409,0.09654598,0.000820464,900,1,0.020879121,0.020879121,0.00043593772,900,1,0.020879121,0.020879121,0.00043593772,900,1,0.020818071,0.020818071,0.0004333921,100,100,1,0.040000003,0.040000003,0.0016000002,90,0.9,0.044322345,0.044322345,0.0017680232,100,1,0.042417582,0.042417582,0.0017992513,100,1,0.20516483,0.20516483,0.04209261,100,100,1,0.020879121,0.020879121,0.00043593772,90,0.9,0.021978023,0.022222223,0.00043956048,100,1,0.020879121,0.020879121,0.00043593772,100,1,0.11857143,0.11857143,0.014059184,0,N/A,N/A,N/A,N/A,N/A,N/A,N/A,N/A,N/A,N/A,N/A,N/A,N/A,N/A,N/A,N/A,N/A,N/A,N/A,N/A,9,9,1,0.20634921,0.20864199,0.04305311,9,1,0.20634921,0.20864199,0.04305311,9,1,0.20634921,0.20864199,0.04305311,9,1,0.71428573,0.71428573,0.5102041,100,9,0.09,0.08669109,0.12136752,0.00094693346,100,1,0.020879121,0.020879121,0.00043593772,100,1,0.020879121,0.020879121,0.00043593772,90,0.9,0.021855922,0.022098765,0.00043469,100,0,0,0,0,0,100,1,0.020879121,0.020879121,0.00043593772,100,1,0.020879121,0.020879121,0.00043593772,0,0,0,0,0,91,10,100
FSM_Sorted.dot,TR_TestSuite13.txt,10,10,4,100,3618,2372,0.65561086,0.04819969,0.04819969,0.0015231218,3091,0.8543394,0.040514644,0.040514644,0.0014023439,3594,0.9933665,0.039232053,0.039232053,0.001528944,3484,0.962963,0.12281892,0.12281892,0.014525802,9,9,1,0.92796093,0.92796093,0.86111146,9,1,0.8644688,0.8644688,0.74730635,9,1,0.9877899,0.9877899,0.9757289,9,1,0.986569,0.986569,0.97331834,900,664,0.73777777,0.04706739,0.04706739,0.001634428,800,0.8888889,0.043983515,0.043983515,0.0017195997,876,0.97333336,0.04230017,0.04230017,0.0017415895,876,0.97333336,0.11132019,0.11132019,0.012061727,100,100,1,0.15648352,0.15648352,0.024487091,100,1,0.17593406,0.17593406,0.030952794,100,1,0.18527474,0.18527474,0.03432673,100,1,0.26593408,0.26593408,0.07072093,0,N/A,N/A,N/A,N/A,N/A,N/A,N/A,N/A,N/A,N/A,N/A,N/A,N/A,N/A,N/A,N/A,N/A,N/A,N/A,N/A,300,300,1,0.020879121,0.020879121,0.00043593772,0,0,0,0,0,300,1,0.020879121,0.020879121,0.00043593772,300,1,0.11868132,0.11868132,0.014085256,100,100,1,0.020879121,0.020879121,0.00043593772,0,0,0,0,0,100,1,0.020879121,0.020879121,0.00043593772,100,1,0.11868132,0.11868132,0.014085256,0,N/A,N/A,N/A,N/A,N/A,N/A,N/A,N/A,N/A,N/A,N/A,N/A,N/A,N/A,N/A,N/A,N/A,N/A,N/A,N/A,900,900,1,0.03838828,0.03838828,0.0014736599,893,0.99222225,0.038135435,0.038135435,0.0014430002,900,1,0.04133089,0.04133089,0.0017082423,900,1,0.20896216,0.20896216,0.04366518,900,81,0.09,0.09401709,0.096129835,0.0008134063,900,1,0.020879121,0.020879121,0.00043593772,900,1,0.020879121,0.020879121,0.00043593772,900,1,0.020818071,0.020818071,0.0004333921,100,100,1,0.03824176,0.03824176,0.0014624321,90,0.9,0.042246643,0.042246643,0.0016063009,100,1,0.04054945,0.04054945,0.0016442579,100,1,0.20384614,0.20384614,0.041553248,100,100,1,0.020879121,0.020879121,0.00043593772,90,0.9,0.021978023,0.022222223,0.00043956048,100,1,0.020879121,0.020879121,0.00043593772,100,1,0.11868132,0.11868132,0.014085256,0,N/A,N/A,N/A,N/A,N/A,N/A,N/A,N/A,N/A,N/A,N/A,N/A,N/A,N/A,N/A,N/A,N/A,N/A,N/A,N/A,9,9,1,0.20757021,0.20987655,0.04356412,9,1,0.20757021,0.20987655,0.04356412,9,1,0.20757021,0.20987655,0.04356412,9,1,0.7130647,0.7130647,0.50846124,100,9,0.09,0.08669109,0.11952862,0.000932586,100,1,0.020879121,0.020879121,0.00043593772,100,1,0.020879121,0.020879121,0.00043593772,90,0.9,0.021855922,0.022098765,0.00043469,100,0,0,0,0,0,100,1,0.020879121,0.020879121,0.00043593772,100,1,0.020879121,0.020879121,0.00043593772,0,0,0,0,0,91,10,100
FSM_Sorted.dot,TR_TestSuite2.txt,10,10,4,100,3618,2372,0.65561086,0.048283085,0.048283085,0.0015283971,3091,0.8543394,0.04060708,0.04060708,0.0014087501,3594,0.9933665,0.039256517,0.039256517,0.0015308514,3484,0.962963,0.12269906,0.12269906,0.0144974645,9,9,1,0.93162394,0.93162394,0.86792314,9,1,0.8754578,0.8754578,0.7664264,9,1,0.9877899,0.9877899,0.9757289,9,1,0.986569,0.986569,0.97331834,900,664,0.73777777,0.04706739,0.04706739,0.001634428,800,0.8888889,0.043983515,0.043983515,0.0017195997,876,0.97333336,0.04230017,0.04230017,0.0017415895,876,0.97333336,0.110994026,0.110994026,0.011991149,100,100,1,0.15637362,0.15637362,0.024452709,100,1,0.17593406,0.17593406,0.030952794,100,1,0.18527474,0.18527474,0.03432673,100,1,0.26494506,0.26494506,0.07019588,0,N/A,N/A,N/A,N/A,N/A,N/A,N/A,N/A,N/A,N/A,N/A,N/A,N/A,N/A,N/A,N/A,N/A,N/A,N/A,N/A,300,300,1,0.020879121,0.020879121,0.00043593772,0,0,0,0,0,300,1,0.020879121,0.020879121,0.00043593772,300,1,0.11857143,0.11857143,0.014059184,100,100,1,0.020879121,0.020879121,0.00043593772,0,0,0,0,0,100,1,0.020879121,0.020879121,0.00043593772,100,1,0.11857143,0.11857143,0.014059184,0,N/A,N/A,N/A,N/A,N/A,N/A,N/A,N/A,N/A,N/A,N/A,N/A,N/A,N/A,N/A,N/A,N/A,N/A,N/A,N/A,900,900,1,0.03846154,0.03846154,0.0014792901,893,0.99222225,0.03816005,0.03816005,0.0014448635,900,1,0.04133089,0.04133089,0.0017082423,900,1,0.20893773,0.20893773,0.04365498,900,81,0.09,0.09442409,0.09654598,0.000820464,900,1,0.020879121,0.020879121,0.00043593772,900,1,0.020879121,0.020879121,0.00043593772,900,1,0.020818071,0.020818071,0.0004333921,100,100,1,0.03912088,0.03912088,0.0015304432,90,0.9,0.04420024,0.04420024,0.0017582952,100,1,0.041538462,0.041538462,0.0017254439,100,1,0.20417583,0.20417583,0.041687768,100,100,1,0.020879121,0.020879121,0.00043593772,90,0.9,0.021978023,0.022222223,0.00043956048,100,1,0.020879121,0.020879121,0.00043593772,100,1,0.11857143,0.11857143,0.014059184,0,N/A,N/A,N/A,N/A,N/A,N/A,N/A,N/A,N/A,N/A,N/A,N/A,N/A,N/A,N/A,N/A,N/A,N/A,N/A,N/A,9,9,1,0.20634921,0.20864199,0.04305311,9,1,0.20634921,0.20864199,0.04305311,9,1,0.20634921,0.20864199,0.04305311,9,1,0.71428573,0.71428573,0.5102041,100,9,0.09,0.08669109,0.12136752,0.00094693346,100,1,0.020879121,0.020879121,0.00043593772,100,1,0.020879121,0.020879121,0.00043593772,90,0.9,0.021855922,0.022098765,0.00043469,100,0,0,0,0,0,100,1,0.020879121,0.020879121,0.00043593772,100,1,0.020879121,0.020879121,0.00043593772,0,0,0,0,0,91,10,100
FSM_Sorted.dot,TR_TestSuite3.txt,10,10,4,100,3618,2374,0.65616363,0.048131313,0.048131313,0.001520084,3091,0.8543394,0.04051109,0.04051109,0.0014020979,3594,0.9933665,0.039207593,0.039207593,0.001527038,3484,0.962963,0.12283153,0.12283153,0.014528787,9,9,1,0.93162394,0.93162394,0.86792314,9,1,0.8644688,0.8644688,0.74730635,9,1,0.9877899,0.9877899,0.9757289,9,1,0.986569,0.986569,0.97331834,900,666,0.74,0.046893045,0.046893045,0.0016272288,800,0.8888889,0.043983515,0.043983515,0.0017195997,876,0.97333336,0.04230017,0.04230017,0.0017415895,876,0.97333336,0.11142055,0.11142055,0.012083485,100,100,1,0.15626374,0.15626374,0.024418356,100,1,0.17593406,0.17593406,0.030952794,100,1,0.18527474,0.18527474,0.03432673,100,1,0.26593408,0.26593408,0.07072093,0,N/A,N/A,N/A,N/A,N/A,N/A,N/A,N/A,N/A,N/A,N/A,N/A,N/A,N/A,N/A,N/A,N/A,N/A,N/A,N/A,300,300,1,0.020879121,0.020879121,0.00043593772,0,0,0,0,0,300,1,0.020879121,0.020879121,0.00043593772,300,1,0.11868132,0.11868132,0.014085256,100,100,1,0.020879121,0.020879121,0.00043593772,0,0,0,0,0,100,1,0.020879121,0.020879121,0.00043593772,100,1,0.11868132,0.11868132,0.014085256,0,N/A,N/A,N/A,N/A,N/A,N/A,N/A,N/A,N/A,N/A,N/A,N/A,N/A,N/A,N/A,N/A,N/A,N/A,N/A,N/A,900,900,1,0.03842491,0.03842491,0.0014764736,893,0.99222225,0.038135435,0.038135435,0.0014430002,900,1,0.04133089,0.04133089,0.0017082423,900,1,0.20902319,0.20902319,0.043690696,900,81,0.09,0.09401709,0.096129835,0.0008134063,900,1,0.020879121,0.020879121,0.00043593772,900,1,0.020879121,0.020879121,0.00043593772,900,1,0.020818071,0.020818071,0.0004333921,100,100,1,0.03736264,0.03736264,0.0013959667,90,0.9,0.04212454,0.04212454,0.0015970292,100,1,0.03967033,0.03967033,0.001573735,100,1,0.20285714,0.20285714,0.041151017,100,100,1,0.020879121,0.020879121,0.00043593772,90,0.9,0.021978023,0.022222223,0.00043956048,100,1,0.020879121,0.020879121,0.00043593772,100,1,0.11868132,0.11868132,0.014085256,0,N/A,N/A,N/A,N/A,N/A,N/A,N/A,N/A,N/A,N/A,N/A,N/A,N/A,N/A,N/A,N/A,N/A,N/A,N/A,N/A,9,9,1,0.20757021,0.20987655,0.04356412,9,1,0.20757021,0.20987655,0.04356412,9,1,0.20757021,0.20987655,0.04356412,9,1,0.7130647,0.7130647,0.50846124,100,9,0.09,0.08669109,0.11952862,0.000932586,100,1,0.020879121,0.020879121,0.00043593772,100,1,0.020879121,0.020879121,0.00043593772,90,0.9,0.021855922,0.022098765,0.00043469,100,0,0,0,0,0,100,1,0.020879121,0.020879121,0.00043593772,100,1,0.020879121,0.020879121,0.00043593772,0,0,0,0,0,91,10,100
FSM_Sorted.dot,TR_TestSuite1.txt,10,10,4,100,3618,2372,0.65561086,0.04792636,0.04792636,0.0015058962,3091,0.8543394,0.040447097,0.040447097,0.0013976718,3594,0.9933665,0.039097518,0.039097518,0.0015184758,3484,0.962963,0.12268644,0.12268644,0.014494482,9,9,1,0.9206349,0.9206349,0.8475687,9,1,0.8534798,0.8534798,0.72842777,9,1,0.9768009,0.9768009,0.95414,9,1,0.97558,0.97558,0.9517563,900,664,0.73777777,0.046901893,0.046901893,0.0016229544,800,0.8888889,0.043983515,0.043983515,0.0017195997,876,0.97333336,0.04230017,0.04230017,0.0017415895,876,0.97333336,0.11127001,0.11127001,0.012050855,100,100,1,0.15582418,0.15582418,0.024281176,100,1,0.17593406,0.17593406,0.030952794,100,1,0.18527474,0.18527474,0.03432673,100,1,0.26593408,0.26593408,0.07072093,0,N/A,N/A,N/A,N/A,N/A,N/A,N/A,N/A,N/A,N/A,N/A,N/A,N/A,N/A,N/A,N/A,N/A,N/A,N/A,N/A,300,300,1,0.020879121,0.020879121,0.00043593772,0,0,0,0,0,300,1,0.020879121,0.020879121,0.00043593772,300,1,0.11868132,0.11868132,0.014085256,100,100,1,0.020879121,0.020879121,0.00043593772,0,0,0,0,0,100,1,0.020879121,0.020879121,0.00043593772,100,1,0.11868132,0.11868132,0.014085256,0,N/A,N/A,N/A,N/A,N/A,N/A,N/A,N/A,N/A,N/A,N/A,N/A,N/A,N/A,N/A,N/A,N/A,N/A,N/A,N/A,900,900,1,0.03827839,0.03827839,0.0014652351,893,0.99222225,0.03824619,0.03824619,0.0014513939,900,1,0.041221,0.041221,0.0016991709,900,1,0.20887668,0.20887668,0.043629467,900,81,0.09,0.09374575,0.095852405,0.0008087181,900,1,0.020879121,0.020879121,0.00043593772,900,1,0.020879121,0.020879121,0.00043593772,900,1,0.020818071,0.020818071,0.0004333921,100,100,1,0.035274725,0.035274725,0.0012443062,90,0.9,0.03992674,0.03992674,0.0014347301,100,1,0.03769231,0.03769231,0.0014207101,100,1,0.20153846,0.20153846,0.04061775,100,100,1,0.020879121,0.020879121,0.00043593772,90,0.9,0.021978023,0.022222223,0.00043956048,100,1,0.020879121,0.020879121,0.00043593772,100,1,0.11868132,0.11868132,0.014085256,0,N/A,N/A,N/A,N/A,N/A,N/A,N/A,N/A,N/A,N/A,N/A,N/A,N/A,N/A,N/A,N/A,N/A,N/A,N/A,N/A,9,9,1,0.20757021,0.20987655,0.04356412,9,1,0.20757021,0.20987655,0.04356412,9,1,0.20757021,0.20987655,0.04356412,9,1,0.7118437,0.7118437,0.5067215,100,9,0.09,0.08791209,0.12307692,0.0009737955,100,1,0.020879121,0.020879121,0.00043593772,100,1,0.020879121,0.020879121,0.00043593772,90,0.9,0.021855922,0.022098765,0.00043469,100,0,0,0,0,0,100,1,0.020879121,0.020879121,0.00043593772,100,1,0.020879121,0.020879121,0.00043593772,0,0,0,0,0,91,10,100
FSM_Sorted.dot,TR_TestSuite0.txt,10,10,4,100,3618,2372,0.65561086,0.048069976,0.048069976,0.0015149349,3091,0.8543394,0.0404151,0.0404151,0.0013954613,3594,0.9933665,0.039177015,0.039177015,0.0015246572,3484,0.962963,0.12268013,0.12268013,0.014492991,9,9,1,0.93162394,0.93162394,0.86792314,9,1,0.8644688,0.8644688,0.74730635,9,1,0.9877899,0.9877899,0.9757289,9,1,0.986569,0.986569,0.97331834,900,664,0.73777777,0.046901893,0.046901893,0.0016229544,800,0.8888889,0.043736264,0.043736264,0.0017003207,876,0.97333336,0.04230017,0.04230017,0.0017415895,876,0.97333336,0.11121982,0.11121982,0.012039986,100,100,1,0.15582418,0.15582418,0.024281176,100,1,0.17494506,0.17494506,0.030605773,100,1,0.18527474,0.18527474,0.03432673,100,1,0.26494506,0.26494506,0.07019588,0,N/A,N/A,N/A,N/A,N/A,N/A,N/A,N/A,N/A,N/A,N/A,N/A,N/A,N/A,N/A,N/A,N/A,N/A,N/A,N/A,300,300,1,0.020879121,0.020879121,0.00043593772,0,0,0,0,0,300,1,0.020879121,0.020879121,0.00043593772,300,1,0.11857143,0.11857143,0.014059184,100,100,1,0.020879121,0.020879121,0.00043593772,0,0,0,0,0,100,1,0.020879121,0.020879121,0.00043593772,100,1,0.11857143,0.11857143,0.014059184,0,N/A,N/A,N/A,N/A,N/A,N/A,N/A,N/A,N/A,N/A,N/A,N/A,N/A,N/A,N/A,N/A,N/A,N/A,N/A,N/A,900,900,1,0.03842491,0.03842491,0.0014764736,893,0.99222225,0.038258497,0.038258497,0.0014523282,900,1,0.04133089,0.04133089,0.0017082423,900,1,0.20888889,0.20888889,0.043634567,900,81,0.09,0.09415276,0.09626856,0.00081575563,900,1,0.020879121,0.020879121,0.00043593772,900,1,0.020879121,0.020879121,0.00043593772,900,1,0.020818071,0.020818071,0.0004333921,100,100,1,0.036043957,0.036043957,0.0012991668,90,0.9,0.041025642,0.041025642,0.0015147929,100,1,0.038681317,0.038681317,0.0014962443,100,1,0.20230769,0.20230769,0.0409284,100,100,1,0.020879121,0.020879121,0.00043593772,90,0.9,0.021978023,0.022222223,0.00043956048,100,1,0.020879121,0.020879121,0.00043593772,100,1,0.11857143,0.11857143,0.014059184,0,N/A,N/A,N/A,N/A,N/A,N/A,N/A,N/A,N/A,N/A,N/A,N/A,N/A,N/A,N/A,N/A,N/A,N/A,N/A,N/A,9,9,1,0.20634921,0.20864199,0.04305311,9,1,0.20634921,0.20864199,0.04305311,9,1,0.20634921,0.20864199,0.04305311,9,1,0.71062267,0.71062267,0.50498456,100,9,0.09,0.089133084,0.12478632,0.001001033,100,1,0.020879121,0.020879121,0.00043593772,100,1,0.020879121,0.020879121,0.00043593772,90,0.9,0.021855922,0.022098765,0.00043469,100,0,0,0,0,0,100,1,0.020879121,0.020879121,0.00043593772,100,1,0.020879121,0.020879121,0.00043593772,0,0,0,0,0,91,10,100
FSM_Sorted.dot,TR_TestSuite18.txt,10,10,4,100,3618,2368,0.65450525,0.048114046,0.048114046,0.0015151544,3091,0.8543394,0.040134244,0.040134244,0.0013761335,3594,0.9933665,0.039091405,0.039091405,0.001518001,3484,0.962963,0.12254451,0.12254451,0.014460967,9,9,1,0.92796093,0.92796093,0.86111146,9,1,0.8424908,0.8424908,0.7097907,9,1,0.9877899,0.9877899,0.9757289,9,1,0.986569,0.986569,0.97331834,900,660,0.73333335,0.04708625,0.04708625,0.0016258843,800,0.8888889,0.04348901,0.04348901,0.0016811502,876,0.97333336,0.042074364,0.042074364,0.0017230454,876,0.97333336,0.11089367,0.11089367,0.011969474,100,100,1,0.15560439,0.15560439,0.024212727,100,1,0.17395604,0.17395604,0.030260703,100,1,0.18428572,0.18428572,0.033961225,100,1,0.26406595,0.26406595,0.069730826,0,N/A,N/A,N/A,N/A,N/A,N/A,N/A,N/A,N/A,N/A,N/A,N/A,N/A,N/A,N/A,N/A,N/A,N/A,N/A,N/A,300,300,1,0.020879121,0.020879121,0.00043593772,0,0,0,0,0,300,1,0.020879121,0.020879121,0.00043593772,300,1,0.11857143,0.11857143,0.014059184,100,100,1,0.020879121,0.020879121,0.00043593772,0,0,0,0,0,100,1,0.020879121,0.020879121,0.00043593772,100,1,0.11857143,0.11857143,0.014059184,0,N/A,N/A,N/A,N/A,N/A,N/A,N/A,N/A,N/A,N/A,N/A,N/A,N/A,N/A,N/A,N/A,N/A,N/A,N/A,N/A,900,900,1,0.03842491,0.03842491,0.0014764736,893,0.99222225,0.037938546,0.037938546,0.0014281386,900,1,0.04133089,0.04133089,0.0017082423,900,1,0.20874237,0.20874237,0.043573376,900,81,0.09,0.09455977,0.0966847,0.0008228235,900,1,0.020879121,0.020879121,0.00043593772,900,1,0.020879121,0.020879121,0.00043593772,900,1,0.020818071,0.020818071,0.0004333921,100,100,1,0.036153845,0.036153845,0.0013071005,90,0.9,0.04004884,0.04004884,0.0014435187,100,1,0.03857143,0.03857143,0.0014877551,100,1,0.20230769,0.20230769,0.0409284,100,100,1,0.020879121,0.020879121,0.00043593772,90,0.9,0.021978023,0.022222223,0.00043956048,100,1,0.020879121,0.020879121,0.00043593772,100,1,0.11857143,0.11857143,0.014059184,0,N/A,N/A,N/A,N/A,N/A,N/A,N/A,N/A,N/A,N/A,N/A,N/A,N/A,N/A,N/A,N/A,N/A,N/A,N/A,N/A,9,9,1,0.20634921,0.20864199,0.04305311,9,1,0.20634921,0.20864199,0.04305311,9,1,0.20634921,0.20864199,0.04305311,9,1,0.71428573,0.71428573,0.5102041,100,9,0.09,0.08791209,0.12307692,0.0009737955,100,1,0.020879121,0.020879121,0.00043593772,100,1,0.020879121,0.020879121,0.00043593772,90,0.9,0.021855922,0.022098765,0.00043469,100,0,0,0,0,0,100,1,0.020879121,0.020879121,0.00043593772,100,1,0.020879121,0.020879121,0.00043593772,0,0,0,0,0,91,10,100
FSM_Sorted.dot,TR_TestSuite4.txt,10,10,4,100,3618,2376,0.6567164,0.04794742,0.04794742,0.0015097617,3091,0.8543394,0.040230233,0.040230233,0.0013827241,3594,0.9933665,0.039152555,0.039152555,0.0015227539,3484,0.962963,0.12274007,0.12274007,0.014507157,9,9,1,0.93162394,0.93162394,0.86792314,9,1,0.8644688,0.8644688,0.74730635,9,1,0.9877899,0.9877899,0.9757289,9,1,0.986569,0.986569,0.97331834,900,668,0.74222225,0.046621043,0.046621043,0.0016132361,800,0.8888889,0.04348901,0.04348901,0.0016811502,876,0.97333336,0.04230017,0.04230017,0.0017415895,876,0.97333336,0.11119474,0.11119474,0.012034556,100,100,1,0.15582418,0.15582418,0.024281176,100,1,0.17395604,0.17395604,0.030260703,100,1,0.18527474,0.18527474,0.03432673,100,1,0.26593408,0.26593408,0.07072093,0,N/A,N/A,N/A,N/A,N/A,N/A,N/A,N/A,N/A,N/A,N/A,N/A,N/A,N/A,N/A,N/A,N/A,N/A,N/A,N/A,300,300,1,0.020879121,0.020879121,0.00043593772,0,0,0,0,0,300,1,0.020879121,0.020879121,0.00043593772,300,1,0.11868132,0.11868132,0.014085256,100,100,1,0.020879121,0.020879121,0.00043593772,0,0,0,0,0,100,1,0.020879121,0.020879121,0.00043593772,100,1,0.11868132,0.11868132,0.014085256,0,N/A,N/A,N/A,N/A,N/A,N/A,N/A,N/A,N/A,N/A,N/A,N/A,N/A,N/A,N/A,N/A,N/A,N/A,N/A,N/A,900,900,1,0.03842491,0.03842491,0.0014764736,893,0.99222225,0.038049296,0.038049296,0.0014364887,900,1,0.04133089,0.04133089,0.0017082423,900,1,0.20904762,0.20904762,0.043700907,900,81,0.09,0.09401709,0.096129835,0.0008134063,900,1,0.020879121,0.020879121,0.00043593772,900,1,0.020879121,0.020879121,0.00043593772,900,1,0.020818071,0.020818071,0.0004333921,100,100,1,0.035274725,0.035274725,0.0012443062,90,0.9,0.03992674,0.03992674,0.0014347301,100,1,0.03769231,0.03769231,0.0014207101,100,1,0.20164835,0.20164835,0.040662058,100,100,1,0.020879121,0.020879121,0.00043593772,90,0.9,0.021978023,0.022222223,0.00043956048,100,1,0.020879121,0.020879121,0.00043593772,100,1,0.11868132,0.11868132,0.014085256,0,N/A,N/A,N/A,N/A,N/A,N/A,N/A,N/A,N/A,N/A,N/A,N/A,N/A,N/A,N/A,N/A,N/A,N/A,N/A,N/A,9,9,1,0.20757021,0.20987655,0.04356412,9,1,0.20757021,0.20987655,0.04356412,9,1,0.20757021,0.20987655,0.04356412,9,1,0.71062267,0.71062267,0.50498456,100,9,0.09,0.08669109,0.12136752,0.00094693346,100,1,0.020879121,0.020879121,0.00043593772,100,1,0.020879121,0.020879121,0.00043593772,90,0.9,0.021855922,0.022098765,0.00043469,100,0,0,0,0,0,100,1,0.020879121,0.020879121,0.00043593772,100,1,0.020879121,0.020879121,0.00043593772,0,0,0,0,0,91,10,100
FSM_Sorted.dot,TR_TestSuite5.txt,10,10,4,100,3618,2370,0.655058,0.048068807,0.048068807,0.0015135837,3091,0.8543394,0.04025512,0.04025512,0.0013844352,3594,0.9933665,0.039125036,0.039125036,0.001520614,3484,0.962963,0.12270536,0.12270536,0.014498955,9,9,1,0.92796093,0.92796093,0.86111146,9,1,0.8644688,0.8644688,0.74730635,9,1,0.9877899,0.9877899,0.9757289,9,1,0.986569,0.986569,0.97331834,900,662,0.7355555,0.047209587,0.047209587,0.0016393657,800,0.8888889,0.04348901,0.04348901,0.0016811502,876,0.97333336,0.04230017,0.04230017,0.0017415895,876,0.97333336,0.11119474,0.11119474,0.012034556,100,100,1,0.15637362,0.15637362,0.024452709,100,1,0.17395604,0.17395604,0.030260703,100,1,0.18527474,0.18527474,0.03432673,100,1,0.26593408,0.26593408,0.07072093,0,N/A,N/A,N/A,N/A,N/A,N/A,N/A,N/A,N/A,N/A,N/A,N/A,N/A,N/A,N/A,N/A,N/A,N/A,N/A,N/A,300,300,1,0.020879121,0.020879121,0.00043593772,0,0,0,0,0,300,1,0.020879121,0.020879121,0.00043593772,300,1,0.11868132,0.11868132,0.014085256,100,100,1,0.020879121,0.020879121,0.00043593772,0,0,0,0,0,100,1,0.020879121,0.020879121,0.00043593772,100,1,0.11868132,0.11868132,0.014085256,0,N/A,N/A,N/A,N/A,N/A,N/A,N/A,N/A,N/A,N/A,N/A,N/A,N/A,N/A,N/A,N/A,N/A,N/A,N/A,N/A,900,900,1,0.038168497,0.038168497,0.0014568341,893,0.99222225,0.038024686,0.038024686,0.0014346311,900,1,0.04111111,0.04111111,0.0016901235,900,1,0.20884004,0.20884004,0.043614164,900,81,0.09,0.09388143,0.09599113,0.0008110606,900,1,0.020879121,0.020879121,0.00043593772,900,1,0.020879121,0.020879121,0.00043593772,900,1,0.020818071,0.020818071,0.0004333921,100,100,1,0.036263734,0.036263734,0.0013150584,90,0.9,0.041025642,0.041025642,0.0015147929,100,1,0.038681317,0.038681317,0.0014962443,100,1,0.20230769,0.20230769,0.0409284,100,100,1,0.020879121,0.020879121,0.00043593772,90,0.9,0.021978023,0.022222223,0.00043956048,100,1,0.020879121,0.020879121,0.00043593772,100,1,0.11868132,0.11868132,0.014085256,0,N/A,N/A,N/A,N/A,N/A,N/A,N/A,N/A,N/A,N/A,N/A,N/A,N/A,N/A,N/A,N/A,N/A,N/A,N/A,N/A,9,9,1,0.20757021,0.20987655,0.04356412,9,1,0.20757021,0.20987655,0.04356412,9,1,0.20757021,0.20987655,0.04356412,9,1,0.71062267,0.71062267,0.50498456,100,9,0.09,0.08791209,0.12307692,0.0009737955,100,1,0.020879121,0.020879121,0.00043593772,100,1,0.020879121,0.020879121,0.00043593772,90,0.9,0.021855922,0.022098765,0.00043469,100,0,0,0,0,0,100,1,0.020879121,0.020879121,0.00043593772,100,1,0.020879121,0.020879121,0.00043593772,0,0,0,0,0,91,10,100
FSM_Sorted.dot,TR_TestSuite19.txt,10,10,4,100,3618,2380,0.657822,0.047876075,0.047876075,0.001507806,3091,0.8543394,0.040109355,0.040109355,0.0013744275,3594,0.9933665,0.03917396,0.03917396,0.0015244194,3484,0.962963,0.122676976,0.122676976,0.014492247,9,9,1,0.92796093,0.92796093,0.86111146,9,1,0.8424908,0.8424908,0.7097907,9,1,0.9877899,0.9877899,0.9757289,9,1,0.986569,0.986569,0.97331834,900,672,0.74666667,0.046245422,0.046245422,0.0015968506,800,0.8888889,0.04348901,0.04348901,0.0016811502,876,0.97333336,0.04230017,0.04230017,0.0017415895,876,0.97333336,0.11124492,0.11124492,0.01204542,100,100,1,0.15571429,0.15571429,0.02424694,100,1,0.17395604,0.17395604,0.030260703,100,1,0.18527474,0.18527474,0.03432673,100,1,0.26494506,0.26494506,0.07019588,0,N/A,N/A,N/A,N/A,N/A,N/A,N/A,N/A,N/A,N/A,N/A,N/A,N/A,N/A,N/A,N/A,N/A,N/A,N/A,N/A,300,300,1,0.020879121,0.020879121,0.00043593772,0,0,0,0,0,300,1,0.020879121,0.020879121,0.00043593772,300,1,0.11857143,0.11857143,0.014059184,100,100,1,0.020879121,0.020879121,0.00043593772,0,0,0,0,0,100,1,0.020879121,0.020879121,0.00043593772,100,1,0.11857143,0.11857143,0.014059184,0,N/A,N/A,N/A,N/A,N/A,N/A,N/A,N/A,N/A,N/A,N/A,N/A,N/A,N/A,N/A,N/A,N/A,N/A,N/A,N/A,900,900,1,0.03842491,0.03842491,0.0014764736,893,0.99222225,0.037852407,0.037852407,0.0014216607,900,1,0.04133089,0.04133089,0.0017082423,900,1,0.20880343,0.20880343,0.04359887,900,81,0.09,0.09455977,0.0966847,0.0008228235,900,1,0.020879121,0.020879121,0.00043593772,900,1,0.020879121,0.020879121,0.00043593772,900,1,0.020818071,0.020818071,0.0004333921,100,100,1,0.036153845,0.036153845,0.0013071005,90,0.9,0.04004884,0.04004884,0.0014435187,100,1,0.03857143,0.03857143,0.0014877551,100,1,0.20241758,0.20241758,0.040972877,100,100,1,0.020879121,0.020879121,0.00043593772,90,0.9,0.021978023,0.022222223,0.00043956048,100,1,0.020879121,0.020879121,0.00043593772,100,1,0.11857143,0.11857143,0.014059184,0,N/A,N/A,N/A,N/A,N/A,N/A,N/A,N/A,N/A,N/A,N/A,N/A,N/A,N/A,N/A,N/A,N/A,N/A,N/A,N/A,9,9,1,0.20634921,0.20864199,0.04305311,9,1,0.20634921,0.20864199,0.04305311,9,1,0.20634921,0.20864199,0.04305311,9,1,0.71428573,0.71428573,0.5102041,100,9,0.09,0.08791209,0.12307692,0.0009737955,100,1,0.020879121,0.020879121,0.00043593772,100,1,0.020879121,0.020879121,0.00043593772,90,0.9,0.021855922,0.022098765,0.00043469,100,0,0,0,0,0,100,1,0.020879121,0.020879121,0.00043593772,100,1,0.020879121,0.020879121,0.00043593772,0,0,0,0,0,91,10,100
FSM_Sorted.dot,TR_TestSuite7.txt,10,10,4,100,3618,2370,0.655058,0.047962163,0.047962163,0.0015068752,3091,0.8543394,0.040194683,0.040194683,0.0013802814,3594,0.9933665,0.039066944,0.039066944,0.001516102,3484,0.962963,0.122585505,0.122585505,0.014470643,9,9,1,0.93162394,0.93162394,0.86792314,9,1,0.8424908,0.8424908,0.7097907,9,1,0.9877899,0.9877899,0.9757289,9,1,0.986569,0.986569,0.97331834,900,662,0.7355555,0.046844393,0.046844393,0.0016141009,800,0.8888889,0.04348901,0.04348901,0.0016811502,876,0.97333336,0.042074364,0.042074364,0.0017230454,876,0.97333336,0.110994026,0.110994026,0.011991149,100,100,1,0.15538462,0.15538462,0.02414438,100,1,0.17395604,0.17395604,0.030260703,100,1,0.18428572,0.18428572,0.033961225,100,1,0.26406595,0.26406595,0.069730826,0,N/A,N/A,N/A,N/A,N/A,N/A,N/A,N/A,N/A,N/A,N/A,N/A,N/A,N/A,N/A,N/A,N/A,N/A,N/A,N/A,300,300,1,0.020879121,0.020879121,0.00043593772,0,0,0,0,0,300,1,0.020879121,0.020879121,0.00043593772,300,1,0.11857143,0.11857143,0.014059184,100,100,1,0.020879121,0.020879121,0.00043593772,0,0,0,0,0,100,1,0.020879121,0.020879121,0.00043593772,100,1,0.11857143,0.11857143,0.014059184,0,N/A,N/A,N/A,N/A,N/A,N/A,N/A,N/A,N/A,N/A,N/A,N/A,N/A,N/A,N/A,N/A,N/A,N/A,N/A,N/A,900,900,1,0.038400486,0.038400486,0.0014745974,893,0.99222225,0.03816005,0.03816005,0.0014448635,900,1,0.04133089,0.04133089,0.0017082423,900,1,0.2089133,0.2089133,0.043644767,900,81,0.09,0.09361009,0.09571369,0.00080637913,900,1,0.020879121,0.020879121,0.00043593772,900,1,0.020879121,0.020879121,0.00043593772,900,1,0.020818071,0.020818071,0.0004333921,100,100,1,0.035384614,0.035384614,0.0012520709,90,0.9,0.03992674,0.03992674,0.0014347301,100,1,0.03769231,0.03769231,0.0014207101,100,1,0.20131868,0.20131868,0.04052921,100,100,1,0.020879121,0.020879121,0.00043593772,90,0.9,0.021978023,0.022222223,0.00043956048,100,1,0.020879121,0.020879121,0.00043593772,100,1,0.11857143,0.11857143,0.014059184,0,N/A,N/A,N/A,N/A,N/A,N/A,N/A,N/A,N/A,N/A,N/A,N/A,N/A,N/A,N/A,N/A,N/A,N/A,N/A,N/A,9,9,1,0.20634921,0.20864199,0.04305311,9,1,0.20634921,0.20864199,0.04305311,9,1,0.20634921,0.20864199,0.04305311,9,1,0.71428573,0.71428573,0.5102041,100,9,0.09,0.08424908,0.11794872,0.0008943364,100,1,0.020879121,0.020879121,0.00043593772,100,1,0.020879121,0.020879121,0.00043593772,90,0.9,0.021855922,0.022098765,0.00043469,100,0,0,0,0,0,100,1,0.020879121,0.020879121,0.00043593772,100,1,0.020879121,0.020879121,0.00043593772,0,0,0,0,0,91,10,100
FSM_Sorted.dot,TR_TestSuite6.txt,10,10,4,100,3618,2378,0.6572692,0.04787013,0.04787013,0.0015061647,3091,0.8543394,0.04025512,0.04025512,0.0013844352,3594,0.9933665,0.039152555,0.039152555,0.0015227539,3484,0.962963,0.1227306,0.1227306,0.014504918,9,9,1,0.93162394,0.93162394,0.86792314,9,1,0.8644688,0.8644688,0.74730635,9,1,0.9877899,0.9877899,0.9757289,9,1,0.986569,0.986569,0.97331834,900,670,0.74444443,0.046449073,0.046449073,0.001606151,800,0.8888889,0.04348901,0.04348901,0.0016811502,876,0.97333336,0.04230017,0.04230017,0.0017415895,876,0.97333336,0.11119474,0.11119474,0.012034556,100,100,1,0.15571429,0.15571429,0.02424694,100,1,0.17395604,0.17395604,0.030260703,100,1,0.18527474,0.18527474,0.03432673,100,1,0.26593408,0.26593408,0.07072093,0,N/A,N/A,N/A,N/A,N/A,N/A,N/A,N/A,N/A,N/A,N/A,N/A,N/A,N/A,N/A,N/A,N/A,N/A,N/A,N/A,300,300,1,0.020879121,0.020879121,0.00043593772,0,0,0,0,0,300,1,0.020879121,0.020879121,0.00043593772,300,1,0.11868132,0.11868132,0.014085256,100,100,1,0.020879121,0.020879121,0.00043593772,0,0,0,0,0,100,1,0.020879121,0.020879121,0.00043593772,100,1,0.11868132,0.11868132,0.014085256,0,N/A,N/A,N/A,N/A,N/A,N/A,N/A,N/A,N/A,N/A,N/A,N/A,N/A,N/A,N/A,N/A,N/A,N/A,N/A,N/A,900,900,1,0.03838828,0.03838828,0.0014736599,893,0.99222225,0.038135435,0.038135435,0.0014430002,900,1,0.04133089,0.04133089,0.0017082423,900,1,0.20902319,0.20902319,0.043690696,900,81,0.09,0.09361009,0.09571369,0.00080637913,900,1,0.020879121,0.020879121,0.00043593772,900,1,0.020879121,0.020879121,0.00043593772,900,1,0.020818071,0.020818071,0.0004333921,100,100,1,0.035274725,0.035274725,0.0012443062,90,0.9,0.03992674,0.03992674,0.0014347301,100,1,0.03769231,0.03769231,0.0014207101,100,1,0.20153846,0.20153846,0.04061775,100,100,1,0.020879121,0.020879121,0.00043593772,90,0.9,0.021978023,0.022222223,0.00043956048,100,1,0.020879121,0.020879121,0.00043593772,100,1,0.11868132,0.11868132,0.014085256,0,N/A,N/A,N/A,N/A,N/A,N/A,N/A,N/A,N/A,N/A,N/A,N/A,N/A,N/A,N/A,N/A,N/A,N/A,N/A,N/A,9,9,1,0.20757021,0.20987655,0.04356412,9,1,0.20757021,0.20987655,0.04356412,9,1,0.20757021,0.20987655,0.04356412,9,1,0.71062267,0.71062267,0.50498456,100,9,0.09,0.08791209,0.12307692,0.0009737955,100,1,0.020879121,0.020879121,0.00043593772,100,1,0.020879121,0.020879121,0.00043593772,90,0.9,0.021855922,0.022098765,0.00043469,100,0,0,0,0,0,100,1,0.020879121,0.020879121,0.00043593772,100,1,0.020879121,0.020879121,0.00043593772,0,0,0,0,0,91,10,100